{
    "version": 0.3,
    "status": 0,
    "route_summary": {
        "total_distance": 5966,
        "total_time": 252,
        "start_point": "B45",
        "end_point": "B45"
    },
    "route_geometry": [
        [
            49.90723,
            8.86416
        ],
        [
            49.90728,
            8.86391
        ],
        [
            49.907539,
            8.86295
        ],
        [
            49.907879,
            8.86205
        ],
        [
            49.908192,
            8.86143
        ],
        [
            49.909081,
            8.85993
        ],
        [
            49.909592,
            8.85911
        ],
        [
            49.910179,
            8.85809
        ],
        [
            49.910679,
            8.85711
        ],
        [
            49.91124,
            8.85573
        ],
        [
            49.91201,
            8.85348
        ],
        [
            49.912491,
            8.85214
        ],
        [
            49.912701,
            8.85161
        ],
        [
            49.912922,
            8.85112
        ],
        [
            49.913288,
            8.85039
        ],
        [
            49.913738,
            8.8496
        ],
        [
            49.91404,
            8.84918
        ],
        [
            49.91457,
            8.84853
        ],
        [
            49.915421,
            8.84771
        ],
        [
            49.916168,
            8.84716
        ],
        [
            49.917099,
            8.84673
        ],
        [
            49.917961,
            8.84648
        ],
        [
            49.91888,
            8.84627
        ],
        [
            49.92012,
            8.84611
        ],
        [
            49.922581,
            8.8458
        ],
        [
            49.92318,
            8.84572
        ],
        [
            49.92543,
            8.8454
        ],
        [
            49.927052,
            8.84519
        ],
        [
            49.927952,
            8.84504
        ],
        [
            49.929932,
            8.84477
        ],
        [
            49.932171,
            8.84446
        ],
        [
            49.933979,
            8.84414
        ],
        [
            49.935188,
            8.84376
        ],
        [
            49.93663,
            8.84306
        ],
        [
            49.936989,
            8.84283
        ],
        [
            49.937462,
            8.84253
        ],
        [
            49.93853,
            8.84167
        ],
        [
            49.939529,
            8.84071
        ],
        [
            49.940559,
            8.83963
        ],
        [
            49.941711,
            8.83829
        ],
        [
            49.94305,
            8.83686
        ],
        [
            49.944851,
            8.8349
        ],
        [
            49.945869,
            8.83378
        ],
        [
            49.94603,
            8.8336
        ],
        [
            49.94735,
            8.83212
        ],
        [
            49.94791,
            8.83165
        ],
        [
            49.94825,
            8.83141
        ],
        [
            49.949032,
            8.83098
        ],
        [
            49.949551,
            8.83081
        ],
        [
            49.949928,
            8.83075
        ],
        [
            49.950359,
            8.83072
        ],
        [
            49.950909,
            8.83078
        ],
        [
            49.95137,
            8.83087
        ],
        [
            49.95174,
            8.831
        ],
        [
            49.95211,
            8.8312
        ],
        [
            49.952579,
            8.83146
        ],
        [
            49.95277,
            8.83159
        ]
    ],
    "route_instructions": [
        [
            "Head west on B45",
            759,
            0,
            32,
            "0.8 km",
            "W",
            285.3
        ],
        [
            "Slight left at B45",
            2211,
            9,
            94,
            "2.2 km",
            "NW",
            297.8,
            "TSLL",
            355.5
        ],
        [
            "Continue on B45",
            3677,
            28,
            156,
            "3.7 km",
            "N",
            354.9,
            "C",
            1.1
        ],
        [
            "Continue on B45",
            122,
            53,
            5,
            "0.1 km",
            "N",
            19.2,
            "C",
            6.3
        ]
    ]
}